<component name="InspectionProjectProfileManager">
  <profile version="1.0">
    <option name="myName" value="Project Default" />
    <inspection_tool class="PyPackageRequirementsInspection" enabled="true" level="WARNING" enabled_by_default="true">
      <option name="ignoredPackages">
        <value>
          <list size="22">
            <item index="0" class="java.lang.String" itemvalue="requests" />
            <item index="1" class="java.lang.String" itemvalue="urllib3" />
            <item index="2" class="java.lang.String" itemvalue="idna" />
            <item index="3" class="java.lang.String" itemvalue="six" />
            <item index="4" class="java.lang.String" itemvalue="Werkzeug" />
            <item index="5" class="java.lang.String" itemvalue="validators" />
            <item index="6" class="java.lang.String" itemvalue="certifi" />
            <item index="7" class="java.lang.String" itemvalue="SQLAlchemy" />
            <item index="8" class="java.lang.String" itemvalue="multidict" />
            <item index="9" class="java.lang.String" itemvalue="Click" />
            <item index="10" class="java.lang.String" itemvalue="numpy" />
            <item index="11" class="java.lang.String" itemvalue="pytz" />
            <item index="12" class="java.lang.String" itemvalue="Jinja2" />
            <item index="13" class="java.lang.String" itemvalue="Flask" />
            <item index="14" class="java.lang.String" itemvalue="pandas" />
            <item index="15" class="java.lang.String" itemvalue="boto3" />
            <item index="16" class="java.lang.String" itemvalue="slackclient" />
            <item index="17" class="java.lang.String" itemvalue="botocore" />
            <item index="18" class="java.lang.String" itemvalue="slack-client" />
            <item index="19" class="java.lang.String" itemvalue="coderunner" />
            <item index="20" class="java.lang.String" itemvalue="slack" />
            <item index="21" class="java.lang.String" itemvalue="docutils" />
          </list>
        </value>
      </option>
    </inspection_tool>
  </profile>
</component>